model,seed,dataset,ap,frame_mean_ap,delta_ap_vs_framemean_pp
BiLSTM-Final,0,SOURCE_POOLED,0.9483171254,0.9083671383,3.9949987099999973
BiLSTM-Final,0,RWF,0.6312242659,0.5907624414,4.046182450000002
BiLSTM-Final,0,UCF,0.6953042634,0.6954591903,-0.015492690000007414
BiLSTM-Final,0,BV,0.4902459251,0.4904602101,-0.021428500000003625
BiLSTM-Sum / TempSum,0,SOURCE_POOLED,0.9662888566,0.9083671383,5.792171829999992
BiLSTM-Sum / TempSum,0,RWF,0.6455992894,0.5907624414,5.483684799999999
BiLSTM-Sum / TempSum,0,UCF,0.6681995963,0.6954591903,-2.7259594
BiLSTM-Sum / TempSum,0,BV,0.5216388566,0.4904602101,3.117864649999996
BiLSTM-Mean,0,SOURCE_POOLED,0.9727766722,0.9083671383,6.440953389999993
BiLSTM-Mean,0,RWF,0.6118188645,0.5907624414,2.10564231
BiLSTM-Mean,0,UCF,0.703194961,0.6954591903,0.7735770699999978
BiLSTM-Mean,0,BV,0.4943394878,0.4904602101,0.3879277699999961
BiLSTM-Max,0,SOURCE_POOLED,0.9242782764,0.9083671383,1.59111381
BiLSTM-Max,0,RWF,0.643566051,0.5907624414,5.280360959999997
BiLSTM-Max,0,UCF,0.6638149239,0.6954591903,-3.1644266400000065
BiLSTM-Max,0,BV,0.484693721,0.4904602101,-0.5766489099999994
Attention Pooling,0,SOURCE_POOLED,0.9516816636,0.9083671383,4.331452529999991
Attention Pooling,0,RWF,0.6305494119,0.5907624414,3.978697050000002
Attention Pooling,0,UCF,0.7185732515,0.6954591903,2.3114061199999925
Attention Pooling,0,BV,0.5053286244,0.4904602101,1.4868414300000021
BiLSTM-Final,42,SOURCE_POOLED,0.9689286006,0.9236278345,4.53007661
BiLSTM-Final,42,RWF,0.6031487197,0.6290347669,-2.5886047200000095
BiLSTM-Final,42,UCF,0.6575382446,0.7004593428,-4.29210982
BiLSTM-Final,42,BV,0.5221522111,0.5257471991,-0.3594988000000021
BiLSTM-Sum / TempSum,42,SOURCE_POOLED,0.9764113792,0.9236278345,5.278354470000002
BiLSTM-Sum / TempSum,42,RWF,0.5862227748,0.6290347669,-4.2811992100000085
BiLSTM-Sum / TempSum,42,UCF,0.6436100529,0.7004593428,-5.684928990000005
BiLSTM-Sum / TempSum,42,BV,0.4829091957,0.5257471991,-4.283800339999999
BiLSTM-Mean,42,SOURCE_POOLED,0.962164754,0.9236278345,3.8536919500000044
BiLSTM-Mean,42,RWF,0.6004393025,0.6290347669,-2.859546440000005
BiLSTM-Mean,42,UCF,0.567615138,0.7004593428,-13.284420480000003
BiLSTM-Mean,42,BV,0.5058913106,0.5257471991,-1.9855888499999974
BiLSTM-Max,42,SOURCE_POOLED,0.9072679021,0.9236278345,-1.63599324
BiLSTM-Max,42,RWF,0.6273161876,0.6290347669,-0.17185793000000782
BiLSTM-Max,42,UCF,0.7386489949,0.7004593428,3.8189652100000027
BiLSTM-Max,42,BV,0.5094772317,0.5257471991,-1.6269967399999974
Attention Pooling,42,SOURCE_POOLED,0.9234654518,0.9236278345,-0.016238270000001886
Attention Pooling,42,RWF,0.616486906,0.6290347669,-1.254786090000004
Attention Pooling,42,UCF,0.6485847131,0.7004593428,-5.18746297
Attention Pooling,42,BV,0.5242770117,0.5257471991,-0.14701874000000448
BiLSTM-Final,123,SOURCE_POOLED,0.9632587268,0.9329136694,3.034505740000004
BiLSTM-Final,123,RWF,0.5884474297,0.6308631918,-4.241576209999998
BiLSTM-Final,123,UCF,0.6190777589,0.6802870167,-6.120925779999997
BiLSTM-Final,123,BV,0.4718580999,0.5003715998,-2.851349990000002
BiLSTM-Sum / TempSum,123,SOURCE_POOLED,0.9578272236,0.9329136694,2.4913554200000076
BiLSTM-Sum / TempSum,123,RWF,0.6045108899,0.6308631918,-2.635230189999993
BiLSTM-Sum / TempSum,123,UCF,0.6237824086,0.6802870167,-5.650460810000002
BiLSTM-Sum / TempSum,123,BV,0.4948093394,0.5003715998,-0.5562260400000019
BiLSTM-Mean,123,SOURCE_POOLED,0.9387221059,0.9329136694,0.5808436500000069
BiLSTM-Mean,123,RWF,0.5876585224,0.6308631918,-4.3204669399999895
BiLSTM-Mean,123,UCF,0.6727390116,0.6802870167,-0.7548005099999977
BiLSTM-Mean,123,BV,0.4703808407,0.5003715998,-2.9990759099999984
BiLSTM-Max,123,SOURCE_POOLED,0.96231542,0.9329136694,2.9401750600000054
BiLSTM-Max,123,RWF,0.6412781133,0.6308631918,1.0414921500000007
BiLSTM-Max,123,UCF,0.7159440812,0.6802870167,3.5657064499999946
BiLSTM-Max,123,BV,0.4897330748,0.5003715998,-1.063852500000001
Attention Pooling,123,SOURCE_POOLED,0.9656645371,0.9329136694,3.275086770000002
Attention Pooling,123,RWF,0.5993701322,0.6308631918,-3.149305959999993
Attention Pooling,123,UCF,0.6345866257,0.6802870167,-4.570039100000001
Attention Pooling,123,BV,0.5113886424,0.5003715998,1.1017042600000027
