model,T,K_train,K_test,test_layout,seed,dataset,sampling_repeats,ap,ap_sampling_sd,delta_ap_vs_Kmax_pp
BiLSTM-Final,16,16,1,grouped,0,BV,10,0.4974,0.0066,-0.7199999999999984
BiLSTM-Final,16,16,1,grouped,42,BV,10,0.5265,0.005,-0.42999999999999705
BiLSTM-Final,16,16,1,grouped,123,BV,10,0.4724,0.0036,-0.050000000000000044
BiLSTM-Final,16,16,2,grouped,0,BV,10,0.4932,0.0049,-0.30000000000000027
BiLSTM-Final,16,16,2,grouped,42,BV,10,0.5223,0.0067,-0.009999999999998899
BiLSTM-Final,16,16,2,grouped,123,BV,10,0.4714,0.0025,0.050000000000000044
BiLSTM-Final,16,16,4,grouped,0,BV,10,0.4901,0.0042,0.01000000000000445
BiLSTM-Final,16,16,4,grouped,42,BV,10,0.521,0.002,0.11999999999999789
BiLSTM-Final,16,16,4,grouped,123,BV,10,0.4718,0.0021,0.009999999999998899
BiLSTM-Final,16,16,8,grouped,0,BV,10,0.4883,0.0019,0.19000000000000128
BiLSTM-Final,16,16,8,grouped,42,BV,10,0.5224,0.0022,-0.019999999999997797
BiLSTM-Final,16,16,8,grouped,123,BV,10,0.4718,0.0013,0.009999999999998899
BiLSTM-Final,16,16,16,grouped,0,BV,1,0.4902,,0.0
BiLSTM-Final,16,16,16,grouped,42,BV,1,0.5222,,0.0
BiLSTM-Final,16,16,16,grouped,123,BV,1,0.4719,,0.0
BiLSTM-Final,16,16,1,grouped,0,RWF,10.0,0.6143353086601888,0.008422002133266004,1.5675557973306553
BiLSTM-Final,16,16,1,grouped,42,RWF,10.0,0.5967057874536816,0.00811334052328143,0.7717077156228047
BiLSTM-Final,16,16,1,grouped,123,RWF,10.0,0.5717757175359075,0.007927514378876541,1.573436715659715
BiLSTM-Final,16,16,2,grouped,0,RWF,10.0,0.6203555819332012,0.006264634077921488,0.9655284700294198
BiLSTM-Final,16,16,2,grouped,42,RWF,10.0,0.6008138144370603,0.004678759328171715,0.3609050172849404
BiLSTM-Final,16,16,2,grouped,123,RWF,10.0,0.5753918725280027,0.0071850592442176,1.211821216450193
BiLSTM-Final,16,16,4,grouped,0,RWF,10.0,0.6245556944752565,0.004040214424215977,0.5455172158238875
BiLSTM-Final,16,16,4,grouped,42,RWF,10.0,0.6062539235245851,0.003549325358811856,-0.18310589146753875
BiLSTM-Final,16,16,4,grouped,123,RWF,10.0,0.5818576094611563,0.004927794021008041,0.5652475231348375
BiLSTM-Final,16,16,8,grouped,0,RWF,10.0,0.6282184875043806,0.00198452714925015,0.1792379129114785
BiLSTM-Final,16,16,8,grouped,42,RWF,10.0,0.6026927316701552,0.0032983638997915237,0.17301329397544363
BiLSTM-Final,16,16,8,grouped,123,RWF,10.0,0.58593603108412,0.002617598403160477,0.15740536083846957
BiLSTM-Final,16,16,16,grouped,0,RWF,1.0,0.6300108666334954,0.0,0.0
BiLSTM-Final,16,16,16,grouped,42,RWF,1.0,0.6044228646099097,0.0,0.0
BiLSTM-Final,16,16,16,grouped,123,RWF,1.0,0.5875100846925047,0.0,0.0
BiLSTM-Final,16,16,1,grouped,0,SOURCE_POOLED,10.0,0.9121241093856487,0.011212879037300331,3.7052864769101967
BiLSTM-Final,16,16,1,grouped,42,SOURCE_POOLED,10.0,0.929468573851624,0.011124762791561313,3.983716339167609
BiLSTM-Final,16,16,1,grouped,123,SOURCE_POOLED,10.0,0.9265832252183446,0.016211386805853496,3.6815217692821145
BiLSTM-Final,16,16,2,grouped,0,SOURCE_POOLED,10.0,0.9320129526269769,0.005692932987481655,1.7164021527773743
BiLSTM-Final,16,16,2,grouped,42,SOURCE_POOLED,10.0,0.9509712730669756,0.003754853648589112,1.833446417632445
BiLSTM-Final,16,16,2,grouped,123,SOURCE_POOLED,10.0,0.9475637486869365,0.007261552779097637,1.5834694224229229
BiLSTM-Final,16,16,4,grouped,0,SOURCE_POOLED,10.0,0.9400978792052849,0.006232705453297362,0.9079094949465794
BiLSTM-Final,16,16,4,grouped,42,SOURCE_POOLED,10.0,0.9594221934938931,0.003952816151980609,0.988354374940692
BiLSTM-Final,16,16,4,grouped,123,SOURCE_POOLED,10.0,0.9533572955096752,0.006040166569755975,1.0041147401490536
BiLSTM-Final,16,16,8,grouped,0,SOURCE_POOLED,10.0,0.9460983807002714,0.0019189851229159697,0.30785934544792504
BiLSTM-Final,16,16,8,grouped,42,SOURCE_POOLED,10.0,0.9673138301495856,0.0013513619672290379,0.199190709371444
BiLSTM-Final,16,16,8,grouped,123,SOURCE_POOLED,10.0,0.960572330396967,0.002015085644150968,0.2826112514198731
BiLSTM-Final,16,16,16,grouped,0,SOURCE_POOLED,1.0,0.9491769741547507,0.0,0.0
BiLSTM-Final,16,16,16,grouped,42,SOURCE_POOLED,1.0,0.9693057372433,0.0,0.0
BiLSTM-Final,16,16,16,grouped,123,SOURCE_POOLED,1.0,0.9633984429111657,0.0,0.0
BiLSTM-Final,16,16,1,grouped,0,UCF,10,0.6506,0.0297,4.470000000000008
BiLSTM-Final,16,16,1,grouped,42,UCF,10,0.625,0.0382,3.2499999999999973
BiLSTM-Final,16,16,1,grouped,123,UCF,10,0.6041,0.0264,1.5000000000000013
BiLSTM-Final,16,16,2,grouped,0,UCF,10,0.6563,0.0285,3.9000000000000035
BiLSTM-Final,16,16,2,grouped,42,UCF,10,0.6496,0.0291,0.7900000000000018
BiLSTM-Final,16,16,2,grouped,123,UCF,10,0.6324,0.0181,-1.3299999999999979
BiLSTM-Final,16,16,4,grouped,0,UCF,10,0.6708,0.0252,2.4500000000000077
BiLSTM-Final,16,16,4,grouped,42,UCF,10,0.6569,0.0303,0.05999999999999339
BiLSTM-Final,16,16,4,grouped,123,UCF,10,0.6325,0.0251,-1.3399999999999967
BiLSTM-Final,16,16,8,grouped,0,UCF,10,0.6804,0.0102,1.4900000000000024
BiLSTM-Final,16,16,8,grouped,42,UCF,10,0.6371,0.0161,2.0399999999999974
BiLSTM-Final,16,16,8,grouped,123,UCF,10,0.6111,0.0188,0.8000000000000007
BiLSTM-Final,16,16,16,grouped,0,UCF,1,0.6953,,0.0
BiLSTM-Final,16,16,16,grouped,42,UCF,1,0.6575,,0.0
BiLSTM-Final,16,16,16,grouped,123,UCF,1,0.6191,,0.0
EfficientFormerV2-S0+TSM+FrameMean,16,16,1,grouped,0,BV,10,0.5079,0.0072,0.04999999999999449
EfficientFormerV2-S0+TSM+FrameMean,16,16,1,grouped,42,BV,10,0.5072,0.0035,0.2500000000000058
EfficientFormerV2-S0+TSM+FrameMean,16,16,1,grouped,123,BV,10,0.5093,0.0073,-0.36999999999999256
EfficientFormerV2-S0+TSM+FrameMean,16,16,2,grouped,0,BV,10,0.5082,0.0034,0.019999999999997797
EfficientFormerV2-S0+TSM+FrameMean,16,16,2,grouped,42,BV,10,0.5075,0.0047,0.22000000000000908
EfficientFormerV2-S0+TSM+FrameMean,16,16,2,grouped,123,BV,10,0.5075,0.0055,-0.18999999999999018
EfficientFormerV2-S0+TSM+FrameMean,16,16,4,grouped,0,BV,10,0.5083,0.0019,0.009999999999998899
EfficientFormerV2-S0+TSM+FrameMean,16,16,4,grouped,42,BV,10,0.5065,0.0026,0.32000000000000917
EfficientFormerV2-S0+TSM+FrameMean,16,16,4,grouped,123,BV,10,0.5052,0.0031,0.0400000000000067
EfficientFormerV2-S0+TSM+FrameMean,16,16,8,grouped,0,BV,10,0.5085,0.0013,-0.009999999999998899
EfficientFormerV2-S0+TSM+FrameMean,16,16,8,grouped,42,BV,10,0.5075,0.0023,0.22000000000000908
EfficientFormerV2-S0+TSM+FrameMean,16,16,8,grouped,123,BV,10,0.5052,0.0017,0.0400000000000067
EfficientFormerV2-S0+TSM+FrameMean,16,16,16,grouped,0,BV,1,0.5084,,0.0
EfficientFormerV2-S0+TSM+FrameMean,16,16,16,grouped,42,BV,1,0.5097,,0.0
EfficientFormerV2-S0+TSM+FrameMean,16,16,16,grouped,123,BV,1,0.5056,,0.0
EfficientFormerV2-S0+TSM+FrameMean,16,16,1,grouped,0,RWF,10,0.5809,0.0086,2.200000000000002
EfficientFormerV2-S0+TSM+FrameMean,16,16,1,grouped,42,RWF,10,0.5776,0.0086,1.5499999999999958
EfficientFormerV2-S0+TSM+FrameMean,16,16,1,grouped,123,RWF,10,0.5828,0.006,2.410000000000001
EfficientFormerV2-S0+TSM+FrameMean,16,16,2,grouped,0,RWF,10,0.5857,0.0053,1.7199999999999993
EfficientFormerV2-S0+TSM+FrameMean,16,16,2,grouped,42,RWF,10,0.5845,0.0048,0.8599999999999941
EfficientFormerV2-S0+TSM+FrameMean,16,16,2,grouped,123,RWF,10,0.5896,0.0028,1.7299999999999982
EfficientFormerV2-S0+TSM+FrameMean,16,16,4,grouped,0,RWF,10,0.5906,0.0041,1.2299999999999978
EfficientFormerV2-S0+TSM+FrameMean,16,16,4,grouped,42,RWF,10,0.5875,0.0044,0.5599999999999938
EfficientFormerV2-S0+TSM+FrameMean,16,16,4,grouped,123,RWF,10,0.5944,0.0023,1.2499999999999956
EfficientFormerV2-S0+TSM+FrameMean,16,16,8,grouped,0,RWF,10,0.5974,0.0023,0.5499999999999949
EfficientFormerV2-S0+TSM+FrameMean,16,16,8,grouped,42,RWF,10,0.5932,0.0029,-0.009999999999998899
EfficientFormerV2-S0+TSM+FrameMean,16,16,8,grouped,123,RWF,10,0.6033,0.0021,0.36000000000000476
EfficientFormerV2-S0+TSM+FrameMean,16,16,16,grouped,0,RWF,1,0.6029,,0.0
EfficientFormerV2-S0+TSM+FrameMean,16,16,16,grouped,42,RWF,1,0.5931,,0.0
EfficientFormerV2-S0+TSM+FrameMean,16,16,16,grouped,123,RWF,1,0.6069,,0.0
EfficientFormerV2-S0+TSM+FrameMean,16,16,1,grouped,0,SOURCE_POOLED,10,0.8905,0.0183,4.849999999999999
EfficientFormerV2-S0+TSM+FrameMean,16,16,1,grouped,42,SOURCE_POOLED,10,0.8906,0.0185,4.610000000000003
EfficientFormerV2-S0+TSM+FrameMean,16,16,1,grouped,123,SOURCE_POOLED,10,0.9403,0.0119,3.53
EfficientFormerV2-S0+TSM+FrameMean,16,16,2,grouped,0,SOURCE_POOLED,10,0.9131,0.0164,2.5899999999999923
EfficientFormerV2-S0+TSM+FrameMean,16,16,2,grouped,42,SOURCE_POOLED,10,0.9022,0.0204,3.4499999999999975
EfficientFormerV2-S0+TSM+FrameMean,16,16,2,grouped,123,SOURCE_POOLED,10,0.9605,0.0092,1.5100000000000002
EfficientFormerV2-S0+TSM+FrameMean,16,16,4,grouped,0,SOURCE_POOLED,10,0.9313,0.0124,0.7699999999999929
EfficientFormerV2-S0+TSM+FrameMean,16,16,4,grouped,42,SOURCE_POOLED,10,0.9177,0.0156,1.9000000000000017
EfficientFormerV2-S0+TSM+FrameMean,16,16,4,grouped,123,SOURCE_POOLED,10,0.973,0.0044,0.26000000000000467
EfficientFormerV2-S0+TSM+FrameMean,16,16,8,grouped,0,SOURCE_POOLED,10,0.9463,0.0103,-0.7300000000000084
EfficientFormerV2-S0+TSM+FrameMean,16,16,8,grouped,42,SOURCE_POOLED,10,0.9373,0.0027,-0.060000000000004494
EfficientFormerV2-S0+TSM+FrameMean,16,16,8,grouped,123,SOURCE_POOLED,10,0.9761,0.0013,-0.04999999999999449
EfficientFormerV2-S0+TSM+FrameMean,16,16,16,grouped,0,SOURCE_POOLED,1,0.939,,0.0
EfficientFormerV2-S0+TSM+FrameMean,16,16,16,grouped,42,SOURCE_POOLED,1,0.9367,,0.0
EfficientFormerV2-S0+TSM+FrameMean,16,16,16,grouped,123,SOURCE_POOLED,1,0.9756,,0.0
EfficientFormerV2-S0+TSM+FrameMean,16,16,1,grouped,0,UCF,10,0.6312,0.0585,3.180000000000005
EfficientFormerV2-S0+TSM+FrameMean,16,16,1,grouped,42,UCF,10,0.5613,0.0237,4.699999999999993
EfficientFormerV2-S0+TSM+FrameMean,16,16,1,grouped,123,UCF,10,0.6262,0.0499,-0.6099999999999994
EfficientFormerV2-S0+TSM+FrameMean,16,16,2,grouped,0,UCF,10,0.6481,0.0177,1.4900000000000024
EfficientFormerV2-S0+TSM+FrameMean,16,16,2,grouped,42,UCF,10,0.5666,0.0329,4.169999999999996
EfficientFormerV2-S0+TSM+FrameMean,16,16,2,grouped,123,UCF,10,0.6661,0.0305,-4.600000000000004
EfficientFormerV2-S0+TSM+FrameMean,16,16,4,grouped,0,UCF,10,0.6738,0.0299,-1.079999999999992
EfficientFormerV2-S0+TSM+FrameMean,16,16,4,grouped,42,UCF,10,0.5894,0.0165,1.8899999999999917
EfficientFormerV2-S0+TSM+FrameMean,16,16,4,grouped,123,UCF,10,0.6634,0.0229,-4.33
EfficientFormerV2-S0+TSM+FrameMean,16,16,8,grouped,0,UCF,10,0.6801,0.0133,-1.7100000000000004
EfficientFormerV2-S0+TSM+FrameMean,16,16,8,grouped,42,UCF,10,0.5975,0.011,1.079999999999992
EfficientFormerV2-S0+TSM+FrameMean,16,16,8,grouped,123,UCF,10,0.6852,0.0241,-6.510000000000005
EfficientFormerV2-S0+TSM+FrameMean,16,16,16,grouped,0,UCF,1,0.663,,0.0
EfficientFormerV2-S0+TSM+FrameMean,16,16,16,grouped,42,UCF,1,0.6083,,0.0
EfficientFormerV2-S0+TSM+FrameMean,16,16,16,grouped,123,UCF,1,0.6201,,0.0
FrameMean,16,16,1,grouped,0,BV,10,0.4944,,-0.39000000000000146
FrameMean,16,16,1,grouped,42,BV,10,0.5231,,0.25999999999999357
FrameMean,16,16,1,grouped,123,BV,10,0.4993,,0.10999999999999344
FrameMean,16,16,2,grouped,0,BV,10,0.4908,,-0.030000000000002247
FrameMean,16,16,2,grouped,42,BV,10,0.5262,,-0.050000000000005596
FrameMean,16,16,2,grouped,123,BV,10,0.5008,,-0.0400000000000067
FrameMean,16,16,4,grouped,0,BV,10,0.4901,,0.040000000000001146
FrameMean,16,16,4,grouped,42,BV,10,0.5235,,0.21999999999999797
FrameMean,16,16,4,grouped,123,BV,10,0.5027,,-0.23000000000000798
FrameMean,16,16,8,grouped,0,BV,10,0.491,,-0.050000000000000044
FrameMean,16,16,8,grouped,42,BV,10,0.5258,,-0.010000000000010001
FrameMean,16,16,8,grouped,123,BV,10,0.5,,0.039999999999995595
FrameMean,16,16,16,grouped,0,BV,1,0.4905,,0.0
FrameMean,16,16,16,grouped,42,BV,1,0.5257,,0.0
FrameMean,16,16,16,grouped,123,BV,1,0.5004,,0.0
FrameMean,16,16,1,grouped,0,RWF,10.0,0.5862742272485535,0.00824655202103686,0.4295358706665864
FrameMean,16,16,1,grouped,42,RWF,10.0,0.6116204869648031,0.007726375969503018,2.0119147155953976
FrameMean,16,16,1,grouped,123,RWF,10.0,0.6142582741532114,0.010624107931222107,1.6497534110415102
FrameMean,16,16,2,grouped,0,RWF,10.0,0.5886260778549055,0.006607676306305742,0.1943508100313851
FrameMean,16,16,2,grouped,42,RWF,10.0,0.6241487441230718,0.006293742941039883,0.7590889997685313
FrameMean,16,16,2,grouped,123,RWF,10.0,0.6263493080784059,0.0048319016882208705,0.44065001852205965
FrameMean,16,16,4,grouped,0,RWF,10.0,0.5943442892159615,0.003927572271401031,-0.37747032607421405
FrameMean,16,16,4,grouped,42,RWF,10.0,0.6277869144470869,0.005268349590914026,0.39527196736701686
FrameMean,16,16,4,grouped,123,RWF,10.0,0.631928387618342,0.0060967489031908935,-0.11725793547154861
FrameMean,16,16,8,grouped,0,RWF,10.0,0.5923829613777707,0.003032639069352196,-0.18133754225513332
FrameMean,16,16,8,grouped,42,RWF,10.0,0.6315543324363213,0.0030421434747088566,0.01853016844357569
FrameMean,16,16,8,grouped,123,RWF,10.0,0.6330574478081764,0.0028178678726691808,-0.23016395445498716
FrameMean,16,16,16,grouped,0,RWF,1.0,0.5905695859552194,0.0,0.0
FrameMean,16,16,16,grouped,42,RWF,1.0,0.6317396341207571,0.0,0.0
FrameMean,16,16,16,grouped,123,RWF,1.0,0.6307558082636265,0.0,0.0
FrameMean,16,16,1,grouped,0,SOURCE_POOLED,10.0,0.9147000006727986,0.013991991407461322,-0.3928969018612172
FrameMean,16,16,1,grouped,42,SOURCE_POOLED,10.0,0.8836816068532196,0.017090067754333027,5.358308397398659
FrameMean,16,16,1,grouped,123,SOURCE_POOLED,10.0,0.8812635134139779,0.016681347802939686,3.22544441249748
FrameMean,16,16,2,grouped,0,SOURCE_POOLED,10.0,0.918463593983407,0.013133518887574615,-0.7692562329220665
FrameMean,16,16,2,grouped,42,SOURCE_POOLED,10.0,0.8852843862643329,0.02270703798696464,5.198030456287328
FrameMean,16,16,2,grouped,123,SOURCE_POOLED,10.0,0.9012304379840014,0.01799283039129338,1.2287519554951332
FrameMean,16,16,4,grouped,0,SOURCE_POOLED,10.0,0.9216380471843548,0.016043018422848273,-1.0867015530168445
FrameMean,16,16,4,grouped,42,SOURCE_POOLED,10.0,0.8955115587236018,0.02553211609896383,4.175313210360443
FrameMean,16,16,4,grouped,123,SOURCE_POOLED,10.0,0.912633076041087,0.01742083564149746,0.08848814978656971
FrameMean,16,16,8,grouped,0,SOURCE_POOLED,10.0,0.9181769993469262,0.01309867512980272,-0.7405967692739823
FrameMean,16,16,8,grouped,42,SOURCE_POOLED,10.0,0.9177933254803161,0.01378249521567868,1.947136534689009
FrameMean,16,16,8,grouped,123,SOURCE_POOLED,10.0,0.9094294352388431,0.02043418385571338,0.4088522300109587
FrameMean,16,16,16,grouped,0,SOURCE_POOLED,1.0,0.9107710316541864,0.0,0.0
FrameMean,16,16,16,grouped,42,SOURCE_POOLED,1.0,0.9372646908272062,0.0,0.0
FrameMean,16,16,16,grouped,123,SOURCE_POOLED,1.0,0.9135179575389527,0.0,0.0
FrameMean,16,16,1,grouped,0,UCF,10,0.6442,,5.130000000000001
FrameMean,16,16,1,grouped,42,UCF,10,0.6664,,3.410000000000002
FrameMean,16,16,1,grouped,123,UCF,10,0.6614,,1.8900000000000028
FrameMean,16,16,2,grouped,0,UCF,10,0.6513,,4.420000000000002
FrameMean,16,16,2,grouped,42,UCF,10,0.6968,,0.37000000000000366
FrameMean,16,16,2,grouped,123,UCF,10,0.659,,2.1299999999999986
FrameMean,16,16,4,grouped,0,UCF,10,0.6884,,0.7099999999999995
FrameMean,16,16,4,grouped,42,UCF,10,0.7,,0.050000000000005596
FrameMean,16,16,4,grouped,123,UCF,10,0.6962,,-1.5900000000000025
FrameMean,16,16,8,grouped,0,UCF,10,0.6932,,0.22999999999999687
FrameMean,16,16,8,grouped,42,UCF,10,0.707,,-0.649999999999995
FrameMean,16,16,8,grouped,123,UCF,10,0.6878,,-0.7499999999999951
FrameMean,16,16,16,grouped,0,UCF,1,0.6955,,0.0
FrameMean,16,16,16,grouped,42,UCF,1,0.7005,,0.0
FrameMean,16,16,16,grouped,123,UCF,1,0.6803,,0.0
