checkpoint,seed,T,K_train,train_layout,K_test,dataset,ap_grouped,ap_interleaved,delta_layout_ap_pp
Ktrain4_grouped,0,8,4,grouped,2,BV,0.5091511491059479,0.544370470622299,3.52193215163511
Ktrain4_grouped,42,8,4,grouped,2,BV,0.5220587740490814,0.5652915074653675,4.323273341628608
Ktrain4_grouped,123,8,4,grouped,2,BV,0.5350817493192087,0.5533782381102927,1.8296488791084031
Ktrain4_grouped,0,8,4,grouped,2,RWF,0.616494173969915,0.7112460250409953,9.47518510710803
Ktrain4_grouped,42,8,4,grouped,2,RWF,0.6185464670213283,0.73317373161541,11.462726459408168
Ktrain4_grouped,123,8,4,grouped,2,RWF,0.6068187876379925,0.7293903795866299,12.257159194863743
Ktrain4_grouped,0,8,4,grouped,2,SCFD,0.6899049510250975,0.7835622480200486,9.365729699495107
Ktrain4_grouped,42,8,4,grouped,2,SCFD,0.7030508472637855,0.8237757135826189,12.07248663188334
Ktrain4_grouped,123,8,4,grouped,2,SCFD,0.7228321601270282,0.8416232320704726,11.87910719434444
Ktrain4_grouped,0,8,4,grouped,2,SOURCE_POOLED,0.9653690294695814,0.9614460732681165,-0.3922956201464878
Ktrain4_grouped,42,8,4,grouped,2,SOURCE_POOLED,0.9678810920825847,0.9724596162147282,0.45785241321435466
Ktrain4_grouped,123,8,4,grouped,2,SOURCE_POOLED,0.9586286349077554,0.9668890010653722,0.8260366157616827
Ktrain4_grouped,0,8,4,grouped,2,UCF,0.584695381619483,0.6977845182614524,11.30891366419694
Ktrain4_grouped,42,8,4,grouped,2,UCF,0.5296806928248756,0.6718422316522351,14.216153882735949
Ktrain4_grouped,123,8,4,grouped,2,UCF,0.5758632852500029,0.6874486753814404,11.158539013143754
Ktrain4_grouped,0,8,4,grouped,4,BV,0.5209295061533595,0.5392621283193088,1.833262216594922
Ktrain4_grouped,42,8,4,grouped,4,BV,0.5385741480821633,0.5645495199908511,2.5975371908687817
Ktrain4_grouped,123,8,4,grouped,4,BV,0.5451232159850323,0.5542355716088999,0.9112355623867585
Ktrain4_grouped,0,8,4,grouped,4,RWF,0.6850218030529073,0.7355942334692327,5.0572430416325425
Ktrain4_grouped,42,8,4,grouped,4,RWF,0.6866559826630644,0.7484187591854855,6.176277652242113
Ktrain4_grouped,123,8,4,grouped,4,RWF,0.6836976333768757,0.7433123283006771,5.961469492380134
Ktrain4_grouped,0,8,4,grouped,4,SCFD,0.7356023035957078,0.8089263940406421,7.3324090444934376
Ktrain4_grouped,42,8,4,grouped,4,SCFD,0.7667621041543315,0.8282608491702896,6.149874501595809
Ktrain4_grouped,123,8,4,grouped,4,SCFD,0.7738391436267241,0.830793903709249,5.695476008252487
Ktrain4_grouped,0,8,4,grouped,4,SOURCE_POOLED,0.9815161962133983,0.9793902582288215,-0.212593798457672
Ktrain4_grouped,42,8,4,grouped,4,SOURCE_POOLED,0.9841262216287605,0.9836687301185864,-0.04574915101741572
Ktrain4_grouped,123,8,4,grouped,4,SOURCE_POOLED,0.9786215770928026,0.9758683206865036,-0.2753256406298976
Ktrain4_grouped,0,8,4,grouped,4,UCF,0.6868846849765535,0.7445495203562998,5.766483537974631
Ktrain4_grouped,42,8,4,grouped,4,UCF,0.6173573560518959,0.7015479594163854,8.419060336448947
Ktrain4_grouped,123,8,4,grouped,4,UCF,0.6812040545603619,0.7335110049555607,5.230695039519873
Native_T8,0,8,8,native,2,BV,0.5756846520856519,0.6256022076275178,4.991755554186595
Native_T8,42,8,8,native,2,BV,0.5529918023199293,0.5913659164177638,3.8374114097834533
Native_T8,123,8,8,native,2,BV,0.563748344801608,0.6031311528997559,3.938280809814798
Native_T8,0,8,8,native,2,RWF,0.5806163554113614,0.7013755374593932,12.075918204803182
Native_T8,42,8,8,native,2,RWF,0.5996648234895888,0.698115706187733,9.845088269814417
Native_T8,123,8,8,native,2,RWF,0.6571036538105465,0.7523963248529507,9.529267104240425
Native_T8,0,8,8,native,2,SCFD,0.6038001091619936,0.7536575053369777,14.985739617498417
Native_T8,42,8,8,native,2,SCFD,0.6819787358486804,0.7186718145439709,3.669307869529048
Native_T8,123,8,8,native,2,SCFD,0.7402958015633678,0.8770257386170363,13.672993705366842
Native_T8,0,8,8,native,2,SOURCE_POOLED,0.9423229367728236,0.9609466025692095,1.8623665796385858
Native_T8,42,8,8,native,2,SOURCE_POOLED,0.9511968639802184,0.9643587590313784,1.3161895051159944
Native_T8,123,8,8,native,2,SOURCE_POOLED,0.9508991157752138,0.9726935300095644,2.179441423435058
Native_T8,0,8,8,native,2,UCF,0.586326833043598,0.6567786743294872,7.045184128588922
Native_T8,42,8,8,native,2,UCF,0.6551717984547782,0.7268239576074716,7.165215915269341
Native_T8,123,8,8,native,2,UCF,0.6321343894660717,0.741772744070012,10.963835460394034
Native_T8,0,8,8,native,4,BV,0.6049077581822765,0.6478193932683495,4.291163508607299
Native_T8,42,8,8,native,4,BV,0.5738705561617895,0.5995630244704053,2.5692468308615823
Native_T8,123,8,8,native,4,BV,0.589265531817518,0.6202793719301594,3.101384011264141
Native_T8,0,8,8,native,4,RWF,0.6409627884077985,0.7230286439721715,8.206585556437297
Native_T8,42,8,8,native,4,RWF,0.6582590049090441,0.7205285977934907,6.226959288444656
Native_T8,123,8,8,native,4,RWF,0.7118132230175528,0.7691957401305477,5.738251711299491
Native_T8,0,8,8,native,4,SCFD,0.6581972361927069,0.7659568097818535,10.775957358914667
Native_T8,42,8,8,native,4,SCFD,0.7011420068990402,0.7251051616057673,2.3963154706727163
Native_T8,123,8,8,native,4,SCFD,0.8029895521201551,0.8905097431235202,8.752019100336506
Native_T8,0,8,8,native,4,SOURCE_POOLED,0.9634038632897216,0.975626230206576,1.222236691685441
Native_T8,42,8,8,native,4,SOURCE_POOLED,0.9708460822641104,0.9788328661174168,0.7986783853306423
Native_T8,123,8,8,native,4,SOURCE_POOLED,0.9725473523104133,0.9856963096848371,1.3148957374423786
Native_T8,0,8,8,native,4,UCF,0.6404756977510631,0.6816033773375433,4.112767958648023
Native_T8,42,8,8,native,4,UCF,0.7217973177360201,0.7595708284066058,3.7773510670585764
Native_T8,123,8,8,native,4,UCF,0.7008888629831109,0.7600230915833645,5.913422860025353
