checkpoint,seed,T,K_train,train_layout,test_layout,dataset,ap_K2,ap_K4,delta_K4_minus_K2_ap_pp
Ktrain4_grouped,0,8,4,grouped,grouped,BV,0.5091511491059479,0.5209295061533595,1.1778357047411592
Ktrain4_grouped,0,8,4,grouped,grouped,RWF,0.616494173969915,0.6850218030529073,6.852762908299226
Ktrain4_grouped,0,8,4,grouped,grouped,SCFD,0.6899049510250975,0.7356023035957078,4.569735257061025
Ktrain4_grouped,0,8,4,grouped,grouped,SOURCE_POOLED,0.9653690294695814,0.9815161962133983,1.6147166743816888
Ktrain4_grouped,0,8,4,grouped,grouped,UCF,0.584695381619483,0.6868846849765535,10.218930335707055
Ktrain4_grouped,0,8,4,grouped,interleaved,BV,0.544370470622299,0.5392621283193088,-0.5108342302990287
Ktrain4_grouped,0,8,4,grouped,interleaved,RWF,0.7112460250409953,0.7355942334692327,2.4348208428237372
Ktrain4_grouped,0,8,4,grouped,interleaved,SCFD,0.7835622480200486,0.8089263940406421,2.536414602059356
Ktrain4_grouped,0,8,4,grouped,interleaved,SOURCE_POOLED,0.9614460732681165,0.9793902582288215,1.7944184960705045
Ktrain4_grouped,0,8,4,grouped,interleaved,UCF,0.6977845182614524,0.7445495203562998,4.676500209484747
Ktrain4_grouped,42,8,4,grouped,grouped,BV,0.5220587740490814,0.5385741480821633,1.6515374033081898
Ktrain4_grouped,42,8,4,grouped,grouped,RWF,0.6185464670213283,0.6866559826630644,6.810951564173607
Ktrain4_grouped,42,8,4,grouped,grouped,SCFD,0.7030508472637855,0.7667621041543315,6.371125689054602
Ktrain4_grouped,42,8,4,grouped,grouped,SOURCE_POOLED,0.9678810920825847,0.9841262216287605,1.6245129546175852
Ktrain4_grouped,42,8,4,grouped,grouped,UCF,0.5296806928248756,0.6173573560518959,8.767666322702027
Ktrain4_grouped,42,8,4,grouped,interleaved,BV,0.5652915074653675,0.5645495199908511,-0.07419874745163701
Ktrain4_grouped,42,8,4,grouped,interleaved,RWF,0.73317373161541,0.7484187591854855,1.524502757007551
Ktrain4_grouped,42,8,4,grouped,interleaved,SCFD,0.8237757135826189,0.8282608491702896,0.4485135587670719
Ktrain4_grouped,42,8,4,grouped,interleaved,SOURCE_POOLED,0.9724596162147282,0.9836687301185864,1.1209113903858148
Ktrain4_grouped,42,8,4,grouped,interleaved,UCF,0.6718422316522351,0.7015479594163854,2.970572776415026
Ktrain4_grouped,123,8,4,grouped,grouped,BV,0.5350817493192087,0.5451232159850323,1.0041466665823617
Ktrain4_grouped,123,8,4,grouped,grouped,RWF,0.6068187876379925,0.6836976333768757,7.687884573888326
Ktrain4_grouped,123,8,4,grouped,grouped,SCFD,0.7228321601270282,0.7738391436267241,5.100698349969591
Ktrain4_grouped,123,8,4,grouped,grouped,SOURCE_POOLED,0.9586286349077554,0.9786215770928026,1.9992942185047213
Ktrain4_grouped,123,8,4,grouped,grouped,UCF,0.5758632852500029,0.6812040545603619,10.534076931035907
Ktrain4_grouped,123,8,4,grouped,interleaved,BV,0.5533782381102927,0.5542355716088999,0.08573334986071712
Ktrain4_grouped,123,8,4,grouped,interleaved,RWF,0.7293903795866299,0.7433123283006771,1.3921948714047172
Ktrain4_grouped,123,8,4,grouped,interleaved,SCFD,0.8416232320704726,0.830793903709249,-1.0829328361223634
Ktrain4_grouped,123,8,4,grouped,interleaved,SOURCE_POOLED,0.9668890010653722,0.9758683206865036,0.897931962113141
Ktrain4_grouped,123,8,4,grouped,interleaved,UCF,0.6874486753814404,0.7335110049555607,4.606232957412026
Native_T8,0,8,8,native,grouped,BV,0.5756846520856519,0.6049077581822765,2.9223106096624596
Native_T8,0,8,8,native,grouped,RWF,0.5806163554113614,0.6409627884077985,6.034643299643716
Native_T8,0,8,8,native,grouped,SCFD,0.6038001091619936,0.6581972361927069,5.439712703071331
Native_T8,0,8,8,native,grouped,SOURCE_POOLED,0.9423229367728236,0.9634038632897216,2.108092651689797
Native_T8,0,8,8,native,grouped,UCF,0.586326833043598,0.6404756977510631,5.414886470746505
Native_T8,0,8,8,native,interleaved,BV,0.6256022076275178,0.6478193932683495,2.221718564083164
Native_T8,0,8,8,native,interleaved,RWF,0.7013755374593932,0.7230286439721715,2.1653106512778297
Native_T8,0,8,8,native,interleaved,SCFD,0.7536575053369777,0.7659568097818535,1.2299304444875814
Native_T8,0,8,8,native,interleaved,SOURCE_POOLED,0.9609466025692095,0.975626230206576,1.4679627637366521
Native_T8,0,8,8,native,interleaved,UCF,0.6567786743294872,0.6816033773375433,2.482470300805606
Native_T8,42,8,8,native,grouped,BV,0.5529918023199293,0.5738705561617895,2.087875384186022
Native_T8,42,8,8,native,grouped,RWF,0.5996648234895888,0.6582590049090441,5.859418141945527
Native_T8,42,8,8,native,grouped,SCFD,0.6819787358486804,0.7011420068990402,1.9163271050359754
Native_T8,42,8,8,native,grouped,SOURCE_POOLED,0.9511968639802184,0.9708460822641104,1.964921828389199
Native_T8,42,8,8,native,grouped,UCF,0.6551717984547782,0.7217973177360201,6.6625519281241825
Native_T8,42,8,8,native,interleaved,BV,0.5913659164177638,0.5995630244704053,0.8197108052641511
Native_T8,42,8,8,native,interleaved,RWF,0.698115706187733,0.7205285977934907,2.2412891605757657
Native_T8,42,8,8,native,interleaved,SCFD,0.7186718145439709,0.7251051616057673,0.6433347061796435
Native_T8,42,8,8,native,interleaved,SOURCE_POOLED,0.9643587590313784,0.9788328661174168,1.4474107086038468
Native_T8,42,8,8,native,interleaved,UCF,0.7268239576074716,0.7595708284066058,3.2746870799134187
Native_T8,123,8,8,native,grouped,BV,0.563748344801608,0.589265531817518,2.5517187015909992
Native_T8,123,8,8,native,grouped,RWF,0.6571036538105465,0.7118132230175528,5.470956920700631
Native_T8,123,8,8,native,grouped,SCFD,0.7402958015633678,0.8029895521201551,6.2693750556787275
Native_T8,123,8,8,native,grouped,SOURCE_POOLED,0.9508991157752138,0.9725473523104133,2.164823653519954
Native_T8,123,8,8,native,grouped,UCF,0.6321343894660717,0.7008888629831109,6.875447351703922
Native_T8,123,8,8,native,interleaved,BV,0.6031311528997559,0.6202793719301594,1.7148219030403422
Native_T8,123,8,8,native,interleaved,RWF,0.7523963248529507,0.7691957401305477,1.6799415277596985
Native_T8,123,8,8,native,interleaved,SCFD,0.8770257386170363,0.8905097431235202,1.3484004506483904
Native_T8,123,8,8,native,interleaved,SOURCE_POOLED,0.9726935300095644,0.9856963096848371,1.3002779675272746
Native_T8,123,8,8,native,interleaved,UCF,0.741772744070012,0.7600230915833645,1.8250347513352416
