checkpoint,T,K_train,train_layout,K_test,dataset,mean_abs_delta_p_mean,mean_abs_delta_p_sd,median_abs_delta_p_mean,median_abs_delta_p_sd,prediction_flip_rate_mean,prediction_flip_rate_sd,spearman_rho_mean,spearman_rho_sd
Ktrain4_grouped,8,4,grouped,2,BV,0.16112741753687435,0.05012364043865677,0.0330988730492642,0.04369762526339597,0.16740476190476192,0.060066134187164714,0.8754003909736904,0.02980690284413229
Ktrain4_grouped,8,4,grouped,2,RWF,0.28176229418933824,0.013911051277227277,0.08372788558461493,0.049668111529024395,0.29681348014681347,0.007253689595151326,0.8137578260814678,0.007541680261174494
Ktrain4_grouped,8,4,grouped,2,SCFD,0.2663569988516647,0.07385577180065442,0.0951479214791713,0.015250474081488125,0.2522222222222222,0.11767815493178056,0.8430198068869622,0.029385015769257266
Ktrain4_grouped,8,4,grouped,2,SOURCE_POOLED,0.21151992342800607,0.01817215294992081,0.008523177051082065,0.0072780497679824484,0.20470397404703974,0.022991520629525038,0.9007876929317308,0.012156494763840878
Ktrain4_grouped,8,4,grouped,2,UCF,0.3216659699830647,0.005265657799117597,0.15572908299056945,0.07280522785285187,0.327,0.0036055512754639522,0.7961599150938331,0.016025259553613502
Ktrain4_grouped,8,4,grouped,4,BV,0.08748779029602959,0.031167847105658637,0.017493800096485757,0.024802216740332127,0.0912142857142857,0.036019623336538686,0.961537996545483,0.010161981502510326
Ktrain4_grouped,8,4,grouped,4,RWF,0.15556949430085554,0.0044332217984852755,0.030179936159311183,0.027702544563973374,0.16366366366366367,0.008656054507221187,0.9457355443878649,0.0020950219532361388
Ktrain4_grouped,8,4,grouped,4,SCFD,0.13070225430483573,0.02653089846751634,0.021338132600946358,0.01574084401512087,0.11666666666666665,0.048074017006186534,0.955839441454207,0.006756899010050348
Ktrain4_grouped,8,4,grouped,4,SOURCE_POOLED,0.0944650203981936,0.012650249759007673,0.0010656176935693949,0.001163727150849266,0.08864557988645579,0.01885657849940238,0.9616454023599127,0.005338238475033216
Ktrain4_grouped,8,4,grouped,4,UCF,0.1666725917276498,0.013875322143246344,0.051295663035368005,0.04141350951231651,0.17133333333333334,0.0098657657246325,0.939033507593866,0.0031879023065781082
Native_T8,8,8,native,2,BV,0.12699399476130102,0.0384340672637659,0.0012595863238794656,0.0011930843549042864,0.1217142857142857,0.04342522308520705,0.8045676372521576,0.033406446004609916
Native_T8,8,8,native,2,RWF,0.31075458679253204,0.045292191773176775,0.06657091023911121,0.044871731195850424,0.3201534868201535,0.0472121974442705,0.8079700824418682,0.045866390785319275
Native_T8,8,8,native,2,SCFD,0.2983719923012719,0.03348629766718363,0.08012599229915211,0.06914453212362608,0.3088888888888889,0.029122983160180332,0.8194354204248638,0.04033829630014532
Native_T8,8,8,native,2,SOURCE_POOLED,0.18650532226850483,0.013141302114311693,0.0017204776199398963,0.0028760957578073125,0.18499594484995943,0.01159319099729398,0.9236335392670417,0.010165887140776384
Native_T8,8,8,native,2,UCF,0.32614366586197846,0.06056287640534012,0.11034548538689155,0.0737959036418047,0.33,0.057999999999999996,0.8216228927942707,0.018495754453548535
Native_T8,8,8,native,4,BV,0.07172781714925398,0.025924134227454522,0.0005711675838057318,0.0005627095129826199,0.06771428571428571,0.029978648864735422,0.9291928117091164,0.009523235240117023
Native_T8,8,8,native,4,RWF,0.19235339563456275,0.03385491219716668,0.02003879379213913,0.019033766743216683,0.19753086419753085,0.0347061040183415,0.9324482609221213,0.020067310038644558
Native_T8,8,8,native,4,SCFD,0.17798005138563375,0.029530467783746756,0.022706673281739614,0.027687975284644478,0.19444444444444442,0.03421067626297922,0.9269345692128909,0.02187219125557548
Native_T8,8,8,native,4,SOURCE_POOLED,0.10203039063096869,0.005431512869173268,0.0002585045281009002,0.00044098845778003807,0.10218978102189781,0.0024330900243309077,0.966358475601994,0.00653254403619452
Native_T8,8,8,native,4,UCF,0.2154624137405944,0.06662503262691835,0.04198434668012396,0.034291432247290164,0.2213333333333333,0.06689045771508319,0.940362216235244,0.011613995667508897
