model,T,seed,source_pooled_ap,domain_macro_ap,scfd_ap,rwf_ap,ucf_ap,bv_ap
MobileNetV2,1,0,0.9746880525869933,0.9342836493595077,0.7209356397529771,0.5734342896201643,,
MobileNetV2,1,42,0.9801160754596161,0.9563530905714337,0.7710410570768628,0.5950436640080345,,
MobileNetV2,1,123,0.962280538338926,0.9212253541814275,0.6494452787008986,0.5498455234495547,,
MobileNetV2,2,0,0.9647833497635855,0.9193985464719332,0.5993342288182328,0.6037,0.5907,0.5113
MobileNetV2,2,42,0.9793000377654133,0.9476120099209682,0.7493472463209306,0.5966,0.6194,0.5185
MobileNetV2,2,123,0.9722015453488109,0.9435805555937973,0.7226113537878243,0.6133,0.5467,0.5556
MobileNetV2,4,0,0.9587613269696565,0.9376520822511879,0.6991595051627613,0.629,0.6011,0.5388
MobileNetV2,4,42,0.9817748931235114,0.9559590643172943,0.7746606976701875,0.6501,0.6247,0.5433
MobileNetV2,4,123,0.9709811139964761,0.9191467852811166,0.5579932547323851,0.6277,0.6283,0.5127
MobileNetV2,8,0,0.984156044917986,0.9486870107402707,0.7244872931169876,0.5812,0.5499,0.5103
MobileNetV2,8,42,0.982206625838027,0.9533338283948333,0.7532380313558802,0.6431,0.5683,0.5434
MobileNetV2,8,123,0.9867111004047204,0.9511551251877383,0.7425531610569973,0.648,0.6406,0.5143
MobileNetV2+TSM,1,0,0.9746880525869933,0.9342836493595077,0.7209356397529771,0.5734342896201643,,
MobileNetV2+TSM,1,42,0.9801160754596161,0.9563530905714337,0.7710410570768628,0.5950436640080345,,
MobileNetV2+TSM,1,123,0.962280538338926,0.9212253541814275,0.6494452787008986,0.5498455234495547,,
MobileNetV2+TSM,2,0,0.975579445472106,0.9549487551069825,0.783721340388007,0.7137,0.7595,0.593
MobileNetV2+TSM,2,42,0.9816685143760068,0.9435012156556095,0.709522580140429,0.6402,0.6615,0.5907
MobileNetV2+TSM,2,123,0.9846123642507433,0.9646594770417298,0.8540341335078176,0.6587,0.6385,0.5243
MobileNetV2+TSM,4,0,0.9834114805102311,0.9592050352684381,0.7722103719007744,0.7032,0.7514,0.5707
MobileNetV2+TSM,4,42,0.9854177158072401,0.9567840585544398,0.7577353085399062,0.7271,0.7916,0.5482
MobileNetV2+TSM,4,123,0.9837188100084886,0.9651065876974683,0.8175764103681723,0.7271,0.7659,0.5306
MobileNetV2+TSM,8,0,0.9790199089741701,0.9490402116245706,0.718312678930528,0.7291,0.7026,0.6532
MobileNetV2+TSM,8,42,0.9826351935665437,0.947432390835174,0.6983238178890354,0.7237,0.7674,0.6111
MobileNetV2+TSM,8,123,0.9899517947752793,0.9735834709920574,0.8858895733895733,0.7762,0.769,0.6326
