family,variant,T,n_seeds,pooled_macro_f1_mean,pooled_macro_f1_sd,pooled_roc_auc_mean,pooled_roc_auc_sd,pooled_ap_mean,pooled_ap_sd,rwf_macro_f1_mean,rwf_macro_f1_sd,rwf_roc_auc_mean,rwf_roc_auc_sd,rwf_ap_mean,rwf_ap_sd,ucf_macro_f1_mean,ucf_macro_f1_sd,ucf_roc_auc_mean,ucf_roc_auc_sd,ucf_ap_mean,ucf_ap_sd,bv_macro_f1_mean,bv_macro_f1_sd,bv_roc_auc_mean,bv_roc_auc_sd,bv_ap_mean,bv_ap_sd
EfficientFormerV2-S0,SingleFrame,1,3,0.8081358976666666,0.011820774188313203,0.8756398104,0.03291230126912316,0.8727984582333334,0.012574300711676182,0.5464738608,0.015273074856704757,0.5913692384666667,0.01680981721222182,0.5908888810333334,0.011561647147128422,0.5221460943333334,0.039142675830879256,0.5863333333333334,0.09200442018367018,0.6255553784,0.07546596589207617,0.4801655281,0.03568606612536471,0.5082632653333333,0.01759211513928197,0.4948520671666667,0.026998997471485906
EfficientFormerV2-S0,Attention Pooling,16,3,0.8570791746666666,0.019578995137486666,0.9399289099333333,0.027266099375075823,0.9469372174999999,0.021495883946375034,0.5813296410666666,0.010749936489819608,0.6251312625333334,0.02304815883809348,0.6154688167,0.015614552507830283,0.5659456015,0.024638445015082472,0.6364000000000001,0.06043972203774602,0.6672481967666667,0.044996472586740104,0.49074098596666665,0.0471394521494561,0.5214789115666667,0.01949412134955052,0.5136647595,0.009677079988683768
EfficientFormerV2-S0,BiLSTM-Final,16,3,0.8774911336333333,0.021210913936526604,0.9516745655666666,0.014061067745340198,0.9601681509333333,0.010647627523104391,0.5940725036333333,0.01879404905895404,0.6212797261333334,0.023187684369731138,0.6076068051,0.02173408205781139,0.5842785657333334,0.03643982989662504,0.6372,0.023569471780249974,0.6573067556333333,0.038113779495457974,0.49419082556666666,0.014958193002874296,0.5086431972666666,0.029996742590748453,0.4947520787,0.025448054356857736
EfficientFormerV2-S0,BiLSTM-Max,16,3,0.8953056609666666,0.0048022231364161505,0.9468009478666667,0.01627829283560738,0.9312871995,0.028185121234509385,0.5917118983666666,0.004422510780140759,0.6421117234333333,0.005776286756798257,0.6373867839666666,0.008796098459829234,0.6090283615666666,0.03832741522662377,0.6601333333333333,0.049114288484445504,0.706136,0.038369042055120525,0.4607507724,0.02702387985063284,0.5088928571666667,0.0204557692235825,0.49463467583333337,0.013098659098233479
EfficientFormerV2-S0,BiLSTM-Mean,16,3,0.8758040290666667,0.03455053472986797,0.9494312796,0.022766469730803558,0.9578878440333334,0.01742547963809037,0.5673586645666666,0.009172656625705468,0.6023072812333333,0.017419953792341555,0.5999722298,0.012086941311910616,0.5910235105666667,0.05998471340142756,0.6498666666666667,0.05014751572444371,0.6478497035333334,0.07113424170683143,0.46628219563333334,0.016837634622631145,0.49480442176666667,0.017762192380255983,0.4902038797,0.018112863078411725
EfficientFormerV2-S0,BiLSTM-Sum / TempSum,16,3,0.8904017386666666,0.01833249530637096,0.9609794629,0.01168919980164019,0.9668424864666667,0.009304439228841319,0.5929388486,0.013613269188022912,0.6327261189,0.021667227848117688,0.6121109847,0.030409105581022017,0.6475030504666667,0.015509036005354653,0.6761333333333334,0.018608958416132096,0.6451973526,0.02225109617631171,0.5015749472,0.01867707775344855,0.5180602041,0.017810021777751404,0.49978579723333333,0.019838611538675156
EfficientFormerV2-S0,FrameMean,16,3,0.8595428759333333,0.015058331206763682,0.9040442338,0.027763331697948968,0.9216362140666666,0.012393867887938335,0.5976543649666667,0.01630326901237837,0.6461852037333333,0.016261141075491207,0.6168868000333333,0.022642821597716085,0.6350646263,0.04975677267582828,0.6927333333333333,0.017177116560509593,0.6920685166,0.010504912478268862,0.4632215745666667,0.02008247176850209,0.5112853741666666,0.02957398112369237,0.5055263363333333,0.018199488446590775
EfficientFormerV2-S0,TSM + FrameMean,16,3,0.8874566267333334,0.0341533401126172,0.9201979842333333,0.06381894833416046,0.9444630538666666,0.031248697423852397,0.5710006429,0.015952637247131547,0.612254008,0.012171224825131255,0.6009464789666666,0.007062279865581663,0.5446823416,0.03394434031627267,0.6011994576666667,0.021107299038066803,0.6254194421333333,0.035202032302179116,0.45626428453333334,0.08038115920042252,0.5250357143,0.016663664174065115,0.5078719726333333,0.0020686309452878655
MobileNetV2,No TSM,8,3,0.9294359716333334,0.0064327774600988616,0.9834834123,0.004911962729081954,0.9843579237,0.0022590128691374113,0.6075554383,0.0224404135085473,0.6506691716666667,0.03333892421624578,0.6240950232666667,0.03722322945355371,0.5726245209,0.04995379122553724,0.6021333333333333,0.05590146092306832,0.5862717273666667,0.04792053965625135,0.47797049703333333,0.03819468137209731,0.5320353741666667,0.03126982596443979,0.5226838091,0.01806318563854129
MobileNetV2,TSM,8,3,0.9391455103,0.011140504230570721,0.9851540284333333,0.0029030370753283683,0.9838689657999999,0.005569396481413376,0.6680279144666667,0.012409761359156463,0.734759352,0.024761151340118023,0.7429604918666667,0.028879663482582574,0.7025591911,0.021930473539465863,0.7456,0.023515952032609713,0.7463483706333334,0.03786130420847393,0.4142362009666667,0.03778418341730505,0.6438408163,0.020471916826384218,0.6323055182666667,0.021052310593594272
