family,variant,T,seed,pooled_macro_f1,pooled_roc_auc,pooled_ap,rwf_macro_f1,rwf_roc_auc,rwf_ap,ucf_macro_f1,ucf_roc_auc,ucf_ap,bv_macro_f1,bv_roc_auc,bv_ap
EfficientFormerV2-S0,SingleFrame,1,0,0.795415758,0.879063981,0.8583153308,0.5289088503,0.5746307615,0.5841599073,0.5098039216,0.5672,0.5910176178,0.4698780413,0.5176346939,0.5243617134
EfficientFormerV2-S0,SingleFrame,1,42,0.8102088662,0.9067061611,0.8791499078,0.5566237066,0.5912274549,0.5842677598,0.4906621392,0.5054,0.5735388394,0.5198653278,0.5191857143,0.4888053695
EfficientFormerV2-S0,SingleFrame,1,123,0.8187830688,0.8411492891,0.8809301361,0.5538890255,0.608249499,0.604238976,0.5659722222,0.6864,0.712109678,0.4507532152,0.4879693878,0.4713891186
EfficientFormerV2-S0,FrameMean,16,0,0.8462748683,0.8797867299,0.9083671383,0.5910782025,0.6297660321,0.5907624414,0.6124031008,0.678,0.6954591903,0.4643287197,0.4881989796,0.4904602101
EfficientFormerV2-S0,FrameMean,16,42,0.8759094703,0.9343246445,0.9236278345,0.6162186416,0.6622835671,0.6290347669,0.6921182266,0.7116,0.7004593428,0.4426084321,0.5446204082,0.5257471991
EfficientFormerV2-S0,FrameMean,16,123,0.8564442892,0.898021327,0.9329136694,0.5856662508,0.646506012,0.6308631918,0.6006725515,0.6886,0.6802870167,0.4827275719,0.5010367347,0.5003715998
EfficientFormerV2-S0,BiLSTM-Final,16,0,0.8540068201,0.9359478673,0.9483171254,0.6105329857,0.6433647295,0.6312242659,0.6072757338,0.6164,0.6953042634,0.4830206681,0.4928530612,0.4902459251
EfficientFormerV2-S0,BiLSTM-Final,16,42,0.8952555934,0.9630331754,0.9689286006,0.5980899431,0.6233466934,0.6031487197,0.6032956973,0.6324,0.6575382446,0.5111850333,0.5432367347,0.5221522111
EfficientFormerV2-S0,BiLSTM-Final,16,123,0.8832109874,0.956042654,0.9632587268,0.5735945821,0.5971277555,0.5884474297,0.5422642661,0.6628,0.6190777589,0.4883667753,0.4898397959,0.4718580999
EfficientFormerV2-S0,BiLSTM-Mean,16,0,0.9025465927,0.968056872,0.9727766722,0.5658138728,0.6173451904,0.6118188645,0.6296667,0.692,0.703194961,0.4829545455,0.4970744898,0.4943394878
EfficientFormerV2-S0,BiLSTM-Mean,16,42,0.8880718954,0.9561848341,0.962164754,0.5772056317,0.6063577154,0.6004393025,0.5219204557,0.5944,0.567615138,0.4666080356,0.511322449,0.5058913106
EfficientFormerV2-S0,BiLSTM-Mean,16,123,0.8367935991,0.9240521327,0.9387221059,0.5590564892,0.5832189379,0.5876585224,0.621483376,0.6632,0.6727390116,0.4492840058,0.4760163265,0.4703808407
EfficientFormerV2-S0,BiLSTM-Sum / TempSum,16,0,0.8926638177,0.960521327,0.9662888566,0.6062515232,0.6553236473,0.6455992894,0.6578099839,0.6944,0.6681995963,0.5096170015,0.5384204082,0.5216388566
EfficientFormerV2-S0,BiLSTM-Sum / TempSum,16,42,0.9074982232,0.9728909953,0.9764113792,0.5790436841,0.6121277555,0.5862227748,0.6550324675,0.6768,0.6436100529,0.5148838726,0.5103887755,0.4829091957
EfficientFormerV2-S0,BiLSTM-Sum / TempSum,16,123,0.8710431751,0.9495260664,0.9578272236,0.5935213385,0.6307269539,0.6045108899,0.6296667,0.6572,0.6237824086,0.4802239675,0.5053714286,0.4948093394
EfficientFormerV2-S0,BiLSTM-Max,16,0,0.8953374749,0.9383175355,0.9242782764,0.5945536924,0.6478577154,0.643566051,0.5659722222,0.604,0.6638149239,0.4623381988,0.5002591837,0.484693721
EfficientFormerV2-S0,BiLSTM-Max,16,42,0.8904876099,0.9365165877,0.9072679021,0.593965475,0.6363056112,0.6273161876,0.6216897856,0.6952,0.7386489949,0.43296817,0.53225,0.5094772317
EfficientFormerV2-S0,BiLSTM-Max,16,123,0.9000918981,0.9655687204,0.96231542,0.5866165277,0.6421718437,0.6412781133,0.6394230769,0.6812,0.7159440812,0.4869459484,0.4941693878,0.4897330748
EfficientFormerV2-S0,Attention Pooling,16,0,0.8585785477,0.9490758294,0.9516816636,0.5854878218,0.6490480962,0.6305494119,0.5824175824,0.684,0.7185732515,0.4783147961,0.5284428571,0.5053286244
EfficientFormerV2-S0,Attention Pooling,16,42,0.8367935991,0.9092654028,0.9234654518,0.589379385,0.6232825651,0.616486906,0.577798373,0.6568,0.6485847131,0.5428487462,0.5365346939,0.5242770117
EfficientFormerV2-S0,Attention Pooling,16,123,0.8758653772,0.9614454976,0.9656645371,0.5691217164,0.6030631263,0.5993701322,0.5376208491,0.5684,0.6345866257,0.4510594156,0.4994591837,0.5113886424
MobileNetV2,No TSM,8,0,0.9367302956,0.9857819905,0.9841560449,0.5820166414,0.6125315631,0.5812049397,0.52,0.5388,0.5499357501,0.4342672414,0.5322265306,0.5102925999
MobileNetV2,No TSM,8,42,0.9245742092,0.9778436019,0.9822066258,0.6165301631,0.6651963928,0.6431112053,0.6193910256,0.623,0.5682990092,0.5049556198,0.5632091837,0.5434094559
MobileNetV2,No TSM,8,123,0.9270034101,0.9868246445,0.9867111004,0.6241195104,0.6742795591,0.6479689248,0.5784825371,0.6446,0.6405804228,0.4946886299,0.5006704082,0.5143493715
MobileNetV2,TSM,8,0,0.9269861197,0.9818246445,0.979019909,0.6689182871,0.7227354709,0.7290511692,0.6779388084,0.7186,0.7026390106,0.4330434608,0.6642306122,0.6532275174
MobileNetV2,TSM,8,42,0.9415888957,0.9864810427,0.9826351936,0.6551969458,0.7183061122,0.7236676196,0.7097387649,0.7566,0.7674302373,0.4389259685,0.6232877551,0.6111252722
MobileNetV2,TSM,8,123,0.9488615155,0.9871563981,0.9899517948,0.6799685105,0.7632364729,0.7761626868,0.72,0.7616,0.768975864,0.3707391736,0.6440040816,0.6325637652
EfficientFormerV2-S0,TSM + FrameMean,16,0,0.8807672952,0.9405924171,0.9447323702,0.5649969597,0.6053311623,0.6028581179,0.558410277,0.6188,0.6629910769,0.5287988866,0.5403959184,0.5083631127
EfficientFormerV2-S0,TSM + FrameMean,16,42,0.8571428571,0.8486745214,0.9130805687,0.5589209237,0.6051232465,0.5931251643,0.5060240964,0.577798373,0.5932,0.3698454194,0.5273918367,0.5096508334
EfficientFormerV2-S0,TSM + FrameMean,16,123,0.9244597279,0.9713270142,0.9755762227,0.5890840453,0.6263076152,0.6068561547,0.5696126514,0.607,0.6200672495,0.4701485476,0.5073193878,0.5056019718
