T,seed,domain,ap_no_tsm,ap_tsm,delta_ap_pp,ci95_low_pp,ci95_high_pp,ci_above_zero
2,0,RWF,0.6037,0.7137,11.01,8.5,13.24,True
2,0,UCF,0.5907,0.7595,16.89,5.52,24.41,True
2,0,BV,0.5113,0.593,8.16,4.17,12.13,True
2,42,RWF,0.5966,0.6402,4.36,2.03,6.74,True
2,42,UCF,0.6194,0.6615,4.21,-8.11,15.16,False
2,42,BV,0.5185,0.5907,7.23,3.86,10.5,True
2,123,RWF,0.6133,0.6587,4.54,2.19,6.87,True
2,123,UCF,0.5467,0.6385,9.18,-0.74,17.01,False
2,123,BV,0.5556,0.5243,-3.13,-6.64,0.36,False
4,0,RWF,0.629,0.7032,7.42,5.01,9.8,True
4,0,UCF,0.6011,0.7514,15.03,4.84,24.62,True
4,0,BV,0.5388,0.5707,3.18,-0.05,6.52,False
4,42,RWF,0.6501,0.7271,7.7,5.19,10.06,True
4,42,UCF,0.6247,0.7916,16.68,7.02,24.82,True
4,42,BV,0.5433,0.5482,0.49,-2.96,3.99,False
4,123,RWF,0.6277,0.7271,9.94,7.33,12.49,True
4,123,UCF,0.6283,0.7659,13.76,0.18,23.84,True
4,123,BV,0.5127,0.5306,1.78,-1.53,5.18,False
8,0,RWF,0.5812,0.7291,14.78,12.2,17.29,True
8,0,UCF,0.5499,0.7026,15.27,2.38,25.71,True
8,0,BV,0.5103,0.6532,14.29,10.59,17.79,True
8,42,RWF,0.6431,0.7237,8.06,5.49,10.51,True
8,42,UCF,0.5683,0.7674,19.91,7.84,29.16,True
8,42,BV,0.5434,0.6111,6.77,3.8,9.76,True
8,123,RWF,0.648,0.7762,12.82,10.41,15.13,True
8,123,UCF,0.6406,0.769,12.84,4.27,20.53,True
8,123,BV,0.5143,0.6326,11.82,8.15,15.42,True
