model,T,domain,perturbation,n_seeds,ap_mean,ap_sd,delta_ap_pp_mean,delta_ap_pp_sd
BiLSTM-Final,16,BV,Original,3,0.4948,0.0254,0.0,0.0
BiLSTM-Final,16,BV,Reverse,3,0.4978,0.024,-0.3,0.71
BiLSTM-Final,16,BV,Shuffle-100%,3,0.4967,0.0258,-0.19,0.38
BiLSTM-Final,16,BV,Shuffle-25%,3,0.4941,0.0264,0.07,0.12
BiLSTM-Final,16,BV,Shuffle-50%,3,0.4949,0.0272,-0.02,0.2
BiLSTM-Final,16,RWF,Original,3,0.6073,0.0214,0.0,0.0
BiLSTM-Final,16,RWF,Reverse,3,0.6058,0.0255,0.15,0.44
BiLSTM-Final,16,RWF,Shuffle-100%,3,0.6068,0.0232,0.05,0.18
BiLSTM-Final,16,RWF,Shuffle-25%,3,0.6072,0.0213,0.01,0.15
BiLSTM-Final,16,RWF,Shuffle-50%,3,0.6078,0.0219,-0.05,0.12
BiLSTM-Final,16,SOURCE_POOLED,Original,3,0.9606270514364055,0.010346604945513158,0.0,0.0
BiLSTM-Final,16,SOURCE_POOLED,Reverse,3,0.9623948444880823,0.00815091993258543,-0.1767793051676884,0.43643794863459545
BiLSTM-Final,16,SOURCE_POOLED,Shuffle-100%,3,0.9588583148286628,0.008776441356283221,0.17687366077427194,0.3154964668478606
BiLSTM-Final,16,SOURCE_POOLED,Shuffle-25%,3,0.9606267375489316,0.009945752616707883,3.1388747390170835e-05,0.04855164322929082
BiLSTM-Final,16,SOURCE_POOLED,Shuffle-50%,3,0.9603229646915615,0.009995583741760908,0.03040867448439825,0.03680571827151005
BiLSTM-Final,16,UCF,Original,3,0.6573,0.0381,0.0,0.0
BiLSTM-Final,16,UCF,Reverse,3,0.6625,0.0489,-0.52,1.91
BiLSTM-Final,16,UCF,Shuffle-100%,3,0.6691,0.0457,-1.18,1.46
BiLSTM-Final,16,UCF,Shuffle-25%,3,0.6599,0.0446,-0.26,0.65
BiLSTM-Final,16,UCF,Shuffle-50%,3,0.6634,0.0375,-0.61,1.18
FrameMean,16,BV,Original,2,0.5087,0.0249,0.0,0.0
FrameMean,16,BV,Reverse,2,0.5087,0.0249,0.0,0.0
FrameMean,16,BV,Shuffle,2,0.5087,0.0249,0.0,0.0
FrameMean,16,RWF,Original,2,0.6121,0.0288,0.0,0.0
FrameMean,16,RWF,Reverse,2,0.6121,0.0288,0.0,0.0
FrameMean,16,RWF,Shuffle,2,0.6121,0.0288,0.0,0.0
FrameMean,16,UCF,Original,2,0.6994,0.0001,0.0,0.0
FrameMean,16,UCF,Reverse,2,0.6994,0.0001,0.0,0.0
FrameMean,16,UCF,Shuffle,2,0.6994,0.0001,0.0,0.0
MobileNetV2+TSM,8,BV,Original,3,0.6323,0.0211,0.0,0.0
MobileNetV2+TSM,8,BV,Reverse,3,0.6341,0.0262,-0.18,0.59
MobileNetV2+TSM,8,BV,Shuffle-100%,3,0.6226,0.025,0.97,0.59
MobileNetV2+TSM,8,BV,Shuffle-25%,3,0.6303,0.0233,0.2,0.29
MobileNetV2+TSM,8,BV,Shuffle-50%,3,0.6274,0.0239,0.49,0.47
MobileNetV2+TSM,8,RWF,Original,3,0.743,0.0289,0.0,0.0
MobileNetV2+TSM,8,RWF,Reverse,3,0.7405,0.0304,0.25,0.21
MobileNetV2+TSM,8,RWF,Shuffle-100%,3,0.7379,0.0286,0.5,0.09
MobileNetV2+TSM,8,RWF,Shuffle-25%,3,0.7414,0.0294,0.16,0.06
MobileNetV2+TSM,8,RWF,Shuffle-50%,3,0.7399,0.0294,0.31,0.08
MobileNetV2+TSM,8,SOURCE_POOLED,Original,3,0.9838689657719977,0.005569396482863837,0.0,0.0
MobileNetV2+TSM,8,SOURCE_POOLED,Reverse,3,0.9806730633891468,0.006545000552395885,0.31959023828509087,0.11104250752798922
MobileNetV2+TSM,8,SOURCE_POOLED,Shuffle-100%,3,0.9805243055884139,0.005745918680907559,0.3344660183583888,0.06659163003910772
MobileNetV2+TSM,8,SOURCE_POOLED,Shuffle-25%,3,0.9829139026297684,0.005828184029846469,0.09550631422292621,0.025942018881949077
MobileNetV2+TSM,8,SOURCE_POOLED,Shuffle-50%,3,0.9825362965552212,0.005407479815486705,0.13326692167764387,0.02545217622508592
MobileNetV2+TSM,8,UCF,Original,3,0.7463,0.0379,0.0,0.0
MobileNetV2+TSM,8,UCF,Reverse,3,0.7452,0.0371,0.11,0.46
MobileNetV2+TSM,8,UCF,Shuffle-100%,3,0.7392,0.0436,0.72,0.63
MobileNetV2+TSM,8,UCF,Shuffle-25%,3,0.7533,0.0432,-0.7,0.54
MobileNetV2+TSM,8,UCF,Shuffle-50%,3,0.7398,0.0379,0.66,0.37
